"Date(UTC)","UnixTimeStamp","Value"
"7/30/2015","1438214400","8893"
"7/31/2015","1438300800","0"
"8/1/2015","1438387200","0"
"8/2/2015","1438473600","0"
"8/3/2015","1438560000","0"
"8/4/2015","1438646400","0"
"8/5/2015","1438732800","0"
"8/6/2015","1438819200","0"
"8/7/2015","1438905600","2050"
"8/8/2015","1438992000","2881"
"8/9/2015","1439078400","1329"
"8/10/2015","1439164800","2037"
"8/11/2015","1439251200","4963"
"8/12/2015","1439337600","2036"
"8/13/2015","1439424000","2842"
"8/14/2015","1439510400","3174"
"8/15/2015","1439596800","2284"
"8/16/2015","1439683200","2440"
"8/17/2015","1439769600","2512"
"8/18/2015","1439856000","2494"
"8/19/2015","1439942400","3246"
"8/20/2015","1440028800","2303"
"8/21/2015","1440115200","3919"
"8/22/2015","1440201600","3579"
"8/23/2015","1440288000","4190"
"8/24/2015","1440374400","4432"
"8/25/2015","1440460800","4487"
"8/26/2015","1440547200","4156"
"8/27/2015","1440633600","5590"
"8/28/2015","1440720000","4758"
"8/29/2015","1440806400","4139"
"8/30/2015","1440892800","4572"
"8/31/2015","1440979200","5196"
"9/1/2015","1441065600","5153"
"9/2/2015","1441152000","5195"
"9/3/2015","1441238400","4777"
"9/4/2015","1441324800","5642"
"9/5/2015","1441411200","5519"
"9/6/2015","1441497600","5521"
"9/7/2015","1441584000","5702"
"9/8/2015","1441670400","5622"
"9/9/2015","1441756800","5604"
"9/10/2015","1441843200","5341"
"9/11/2015","1441929600","6460"
"9/12/2015","1442016000","5596"
"9/13/2015","1442102400","6057"
"9/14/2015","1442188800","5572"
"9/15/2015","1442275200","5409"
"9/16/2015","1442361600","5872"
"9/17/2015","1442448000","5368"
"9/18/2015","1442534400","5802"
"9/19/2015","1442620800","5205"
"9/20/2015","1442707200","6402"
"9/21/2015","1442793600","6305"
"9/22/2015","1442880000","6804"
"9/23/2015","1442966400","7404"
"9/24/2015","1443052800","6224"
"9/25/2015","1443139200","5851"
"9/26/2015","1443225600","5907"
"9/27/2015","1443312000","5760"
"9/28/2015","1443398400","6123"
"9/29/2015","1443484800","5738"
"9/30/2015","1443571200","5870"
"10/1/2015","1443657600","6421"
"10/2/2015","1443744000","6063"
"10/3/2015","1443830400","6112"
"10/4/2015","1443916800","6624"
"10/5/2015","1444003200","6279"
"10/6/2015","1444089600","6458"
"10/7/2015","1444176000","7121"
"10/8/2015","1444262400","6926"
"10/9/2015","1444348800","6763"
"10/10/2015","1444435200","6529"
"10/11/2015","1444521600","6023"
"10/12/2015","1444608000","6593"
"10/13/2015","1444694400","6818"
"10/14/2015","1444780800","6830"
"10/15/2015","1444867200","6499"
"10/16/2015","1444953600","6795"
"10/17/2015","1445040000","6567"
"10/18/2015","1445126400","6481"
"10/19/2015","1445212800","6604"
"10/20/2015","1445299200","5897"
"10/21/2015","1445385600","6182"
"10/22/2015","1445472000","5979"
"10/23/2015","1445558400","6888"
"10/24/2015","1445644800","6361"
"10/25/2015","1445731200","5830"
"10/26/2015","1445817600","5938"
"10/27/2015","1445904000","6784"
"10/28/2015","1445990400","7346"
"10/29/2015","1446076800","7836"
"10/30/2015","1446163200","7941"
"10/31/2015","1446249600","7557"
"11/1/2015","1446336000","6915"
"11/2/2015","1446422400","6558"
"11/3/2015","1446508800","7399"
"11/4/2015","1446595200","7037"
"11/5/2015","1446681600","7498"
"11/6/2015","1446768000","7882"
"11/7/2015","1446854400","10996"
"11/8/2015","1446940800","12413"
"11/9/2015","1447027200","7689"
"11/10/2015","1447113600","8151"
"11/11/2015","1447200000","10217"
"11/12/2015","1447286400","9534"
"11/13/2015","1447372800","7891"
"11/14/2015","1447459200","7211"
"11/15/2015","1447545600","7170"
"11/16/2015","1447632000","7442"
"11/17/2015","1447718400","7145"
"11/18/2015","1447804800","7373"
"11/19/2015","1447891200","8876"
"11/20/2015","1447977600","6348"
"11/21/2015","1448064000","6822"
"11/22/2015","1448150400","7083"
"11/23/2015","1448236800","8260"
"11/24/2015","1448323200","7152"
"11/25/2015","1448409600","7098"
"11/26/2015","1448496000","7278"
"11/27/2015","1448582400","6639"
"11/28/2015","1448668800","6817"
"11/29/2015","1448755200","6853"
"11/30/2015","1448841600","8986"
"12/1/2015","1448928000","6794"
"12/2/2015","1449014400","6502"
"12/3/2015","1449100800","6971"
"12/4/2015","1449187200","6898"
"12/5/2015","1449273600","6784"
"12/6/2015","1449360000","9103"
"12/7/2015","1449446400","7141"
"12/8/2015","1449532800","6697"
"12/9/2015","1449619200","7001"
"12/10/2015","1449705600","7444"
"12/11/2015","1449792000","8105"
"12/12/2015","1449878400","8205"
"12/13/2015","1449964800","7426"
"12/14/2015","1450051200","15550"
"12/15/2015","1450137600","21098"
"12/16/2015","1450224000","10304"
"12/17/2015","1450310400","9612"
"12/18/2015","1450396800","9032"
"12/19/2015","1450483200","9314"
"12/20/2015","1450569600","9879"
"12/21/2015","1450656000","12063"
"12/22/2015","1450742400","21027"
"12/23/2015","1450828800","22740"
"12/24/2015","1450915200","13494"
"12/25/2015","1451001600","9521"
"12/26/2015","1451088000","10726"
"12/27/2015","1451174400","21867"
"12/28/2015","1451260800","12368"
"12/29/2015","1451347200","11358"
"12/30/2015","1451433600","21767"
"12/31/2015","1451520000","10301"
"1/1/2016","1451606400","8233"
"1/2/2016","1451692800","9164"
"1/3/2016","1451779200","9258"
"1/4/2016","1451865600","9474"
"1/5/2016","1451952000","16430"
"1/6/2016","1452038400","17074"
"1/7/2016","1452124800","22075"
"1/8/2016","1452211200","10919"
"1/9/2016","1452297600","11793"
"1/10/2016","1452384000","10320"
"1/11/2016","1452470400","10893"
"1/12/2016","1452556800","10862"
"1/13/2016","1452643200","17665"
"1/14/2016","1452729600","10653"
"1/15/2016","1452816000","9875"
"1/16/2016","1452902400","10664"
"1/17/2016","1452988800","9747"
"1/18/2016","1453075200","12916"
"1/19/2016","1453161600","13420"
"1/20/2016","1453248000","10610"
"1/21/2016","1453334400","10734"
"1/22/2016","1453420800","13848"
"1/23/2016","1453507200","11025"
"1/24/2016","1453593600","12798"
"1/25/2016","1453680000","17121"
"1/26/2016","1453766400","16511"
"1/27/2016","1453852800","18747"
"1/28/2016","1453939200","16765"
"1/29/2016","1454025600","16395"
"1/30/2016","1454112000","14661"
"1/31/2016","1454198400","14166"
"2/1/2016","1454284800","14199"
"2/2/2016","1454371200","14291"
"2/3/2016","1454457600","14274"
"2/4/2016","1454544000","14371"
"2/5/2016","1454630400","15249"
"2/6/2016","1454716800","31418"
"2/7/2016","1454803200","14264"
"2/8/2016","1454889600","14719"
"2/9/2016","1454976000","15517"
"2/10/2016","1455062400","17141"
"2/11/2016","1455148800","21440"
"2/12/2016","1455235200","18109"
"2/13/2016","1455321600","19327"
"2/14/2016","1455408000","16624"
"2/15/2016","1455494400","17159"
"2/16/2016","1455580800","17549"
"2/17/2016","1455667200","19990"
"2/18/2016","1455753600","16969"
"2/19/2016","1455840000","18412"
"2/20/2016","1455926400","16714"
"2/21/2016","1456012800","17119"
"2/22/2016","1456099200","18190"
"2/23/2016","1456185600","18482"
"2/24/2016","1456272000","19540"
"2/25/2016","1456358400","19503"
"2/26/2016","1456444800","21068"
"2/27/2016","1456531200","18981"
"2/28/2016","1456617600","19063"
"2/29/2016","1456704000","20358"
"3/1/2016","1456790400","21778"
"3/2/2016","1456876800","23562"
"3/3/2016","1456963200","24837"
"3/4/2016","1457049600","24287"
"3/5/2016","1457136000","27115"
"3/6/2016","1457222400","27661"
"3/7/2016","1457308800","23271"
"3/8/2016","1457395200","24104"
"3/9/2016","1457481600","24557"
"3/10/2016","1457568000","24814"
"3/11/2016","1457654400","23124"
"3/12/2016","1457740800","27887"
"3/13/2016","1457827200","28127"
"3/14/2016","1457913600","28528"
"3/15/2016","1458000000","29273"
"3/16/2016","1458086400","27596"
"3/17/2016","1458172800","33531"
"3/18/2016","1458259200","31821"
"3/19/2016","1458345600","34779"
"3/20/2016","1458432000","32447"
"3/21/2016","1458518400","32511"
"3/22/2016","1458604800","32890"
"3/23/2016","1458691200","31786"
"3/24/2016","1458777600","36947"
"3/25/2016","1458864000","36762"
"3/26/2016","1458950400","36646"
"3/27/2016","1459036800","29974"
"3/28/2016","1459123200","33613"
"3/29/2016","1459209600","33915"
"3/30/2016","1459296000","36767"
"3/31/2016","1459382400","32259"
"4/1/2016","1459468800","33320"
"4/2/2016","1459555200","29358"
"4/3/2016","1459641600","29588"
"4/4/2016","1459728000","34907"
"4/5/2016","1459814400","39173"
"4/6/2016","1459900800","32078"
"4/7/2016","1459987200","31893"
"4/8/2016","1460073600","34010"
"4/9/2016","1460160000","31923"
"4/10/2016","1460246400","32237"
"4/11/2016","1460332800","30327"
"4/12/2016","1460419200","34673"
"4/13/2016","1460505600","36051"
"4/14/2016","1460592000","34781"
"4/15/2016","1460678400","34959"
"4/16/2016","1460764800","30483"
"4/17/2016","1460851200","40203"
"4/18/2016","1460937600","33513"
"4/19/2016","1461024000","32622"
"4/20/2016","1461110400","32944"
"4/21/2016","1461196800","37181"
"4/22/2016","1461283200","31678"
"4/23/2016","1461369600","31845"
"4/24/2016","1461456000","34046"
"4/25/2016","1461542400","35430"
"4/26/2016","1461628800","32582"
"4/27/2016","1461715200","33847"
"4/28/2016","1461801600","34343"
"4/29/2016","1461888000","37332"
"4/30/2016","1461974400","45769"
"5/1/2016","1462060800","39578"
"5/2/2016","1462147200","41748"
"5/3/2016","1462233600","37821"
"5/4/2016","1462320000","37484"
"5/5/2016","1462406400","38707"
"5/6/2016","1462492800","41271"
"5/7/2016","1462579200","35864"
"5/8/2016","1462665600","40063"
"5/9/2016","1462752000","38560"
"5/10/2016","1462838400","40684"
"5/11/2016","1462924800","40811"
"5/12/2016","1463011200","45002"
"5/13/2016","1463097600","47737"
"5/14/2016","1463184000","45745"
"5/15/2016","1463270400","43073"
"5/16/2016","1463356800","37424"
"5/17/2016","1463443200","40309"
"5/18/2016","1463529600","46033"
"5/19/2016","1463616000","44523"
"5/20/2016","1463702400","45177"
"5/21/2016","1463788800","43621"
"5/22/2016","1463875200","38895"
"5/23/2016","1463961600","43806"
"5/24/2016","1464048000","42911"
"5/25/2016","1464134400","46443"
"5/26/2016","1464220800","51147"
"5/27/2016","1464307200","49006"
"5/28/2016","1464393600","70148"
"5/29/2016","1464480000","45890"
"5/30/2016","1464566400","42927"
"5/31/2016","1464652800","44386"
"6/1/2016","1464739200","42221"
"6/2/2016","1464825600","39666"
"6/3/2016","1464912000","39834"
"6/4/2016","1464998400","37875"
"6/5/2016","1465084800","37896"
"6/6/2016","1465171200","38957"
"6/7/2016","1465257600","46141"
"6/8/2016","1465344000","40433"
"6/9/2016","1465430400","39854"
"6/10/2016","1465516800","40145"
"6/11/2016","1465603200","36901"
"6/12/2016","1465689600","42581"
"6/13/2016","1465776000","46185"
"6/14/2016","1465862400","50335"
"6/15/2016","1465948800","43251"
"6/16/2016","1466035200","43392"
"6/17/2016","1466121600","66558"
"6/18/2016","1466208000","63083"
"6/19/2016","1466294400","51035"
"6/20/2016","1466380800","47118"
"6/21/2016","1466467200","47323"
"6/22/2016","1466553600","48615"
"6/23/2016","1466640000","41908"
"6/24/2016","1466726400","45331"
"6/25/2016","1466812800","36684"
"6/26/2016","1466899200","41613"
"6/27/2016","1466985600","39663"
"6/28/2016","1467072000","43089"
"6/29/2016","1467158400","49897"
"6/30/2016","1467244800","63952"
"7/1/2016","1467331200","40085"
"7/2/2016","1467417600","39257"
"7/3/2016","1467504000","39757"
"7/4/2016","1467590400","39950"
"7/5/2016","1467676800","39270"
"7/6/2016","1467763200","37900"
"7/7/2016","1467849600","40433"
"7/8/2016","1467936000","42506"
"7/9/2016","1468022400","40410"
"7/10/2016","1468108800","39358"
"7/11/2016","1468195200","38582"
"7/12/2016","1468281600","40811"
"7/13/2016","1468368000","35740"
"7/14/2016","1468454400","42809"
"7/15/2016","1468540800","41110"
"7/16/2016","1468627200","38062"
"7/17/2016","1468713600","33914"
"7/18/2016","1468800000","39198"
"7/19/2016","1468886400","44184"
"7/20/2016","1468972800","50631"
"7/21/2016","1469059200","44882"
"7/22/2016","1469145600","48458"
"7/23/2016","1469232000","45006"
"7/24/2016","1469318400","58215"
"7/25/2016","1469404800","54856"
"7/26/2016","1469491200","61930"
"7/27/2016","1469577600","53035"
"7/28/2016","1469664000","48555"
"7/29/2016","1469750400","47243"
"7/30/2016","1469836800","42011"
"7/31/2016","1469923200","48749"
"8/1/2016","1470009600","45978"
"8/2/2016","1470096000","49041"
"8/3/2016","1470182400","49475"
"8/4/2016","1470268800","46761"
"8/5/2016","1470355200","43212"
"8/6/2016","1470441600","41487"
"8/7/2016","1470528000","42955"
"8/8/2016","1470614400","42984"
"8/9/2016","1470700800","47057"
"8/10/2016","1470787200","46290"
"8/11/2016","1470873600","48171"
"8/12/2016","1470960000","44400"
"8/13/2016","1471046400","41088"
"8/14/2016","1471132800","40577"
"8/15/2016","1471219200","42302"
"8/16/2016","1471305600","48949"
"8/17/2016","1471392000","44867"
"8/18/2016","1471478400","47799"
"8/19/2016","1471564800","42948"
"8/20/2016","1471651200","41318"
"8/21/2016","1471737600","42543"
"8/22/2016","1471824000","44250"
"8/23/2016","1471910400","48430"
"8/24/2016","1471996800","46821"
"8/25/2016","1472083200","49868"
"8/26/2016","1472169600","47292"
"8/27/2016","1472256000","47938"
"8/28/2016","1472342400","42607"
"8/29/2016","1472428800","45510"
"8/30/2016","1472515200","46979"
"8/31/2016","1472601600","45846"
"9/1/2016","1472688000","47491"
"9/2/2016","1472774400","55413"
"9/3/2016","1472860800","44792"
"9/4/2016","1472947200","48128"
"9/5/2016","1473033600","42667"
"9/6/2016","1473120000","49102"
"9/7/2016","1473206400","48701"
"9/8/2016","1473292800","55970"
"9/9/2016","1473379200","53918"
"9/10/2016","1473465600","42875"
"9/11/2016","1473552000","43345"
"9/12/2016","1473638400","45123"
"9/13/2016","1473724800","42591"
"9/14/2016","1473811200","53859"
"9/15/2016","1473897600","52622"
"9/16/2016","1473984000","57532"
"9/17/2016","1474070400","46882"
"9/18/2016","1474156800","37893"
"9/19/2016","1474243200","40505"
"9/20/2016","1474329600","54067"
"9/21/2016","1474416000","44549"
"9/22/2016","1474502400","52657"
"9/23/2016","1474588800","35219"
"9/24/2016","1474675200","43418"
"9/25/2016","1474761600","38713"
"9/26/2016","1474848000","43514"
"9/27/2016","1474934400","46817"
"9/28/2016","1475020800","42797"
"9/29/2016","1475107200","40416"
"9/30/2016","1475193600","35836"
"10/1/2016","1475280000","53076"
"10/2/2016","1475366400","51105"
"10/3/2016","1475452800","47672"
"10/4/2016","1475539200","56662"
"10/5/2016","1475625600","41719"
"10/6/2016","1475712000","36826"
"10/7/2016","1475798400","43708"
"10/8/2016","1475884800","37690"
"10/9/2016","1475971200","43940"
"10/10/2016","1476057600","44940"
"10/11/2016","1476144000","41053"
"10/12/2016","1476230400","30002"
"10/13/2016","1476316800","32244"
"10/14/2016","1476403200","42006"
"10/15/2016","1476489600","33662"
"10/16/2016","1476576000","34990"
"10/17/2016","1476662400","38136"
"10/18/2016","1476748800","51898"
"10/19/2016","1476835200","38497"
"10/20/2016","1476921600","43438"
"10/21/2016","1477008000","57780"
"10/22/2016","1477094400","37772"
"10/23/2016","1477180800","35364"
"10/24/2016","1477267200","52547"
"10/25/2016","1477353600","47610"
"10/26/2016","1477440000","45158"
"10/27/2016","1477526400","44353"
"10/28/2016","1477612800","41522"
"10/29/2016","1477699200","40011"
"10/30/2016","1477785600","39435"
"10/31/2016","1477872000","45031"
"11/1/2016","1477958400","49025"
"11/2/2016","1478044800","43519"
"11/3/2016","1478131200","42346"
"11/4/2016","1478217600","32572"
"11/5/2016","1478304000","37690"
"11/6/2016","1478390400","34391"
"11/7/2016","1478476800","41941"
"11/8/2016","1478563200","41569"
"11/9/2016","1478649600","40517"
"11/10/2016","1478736000","40164"
"11/11/2016","1478822400","41070"
"11/12/2016","1478908800","40882"
"11/13/2016","1478995200","43673"
"11/14/2016","1479081600","43876"
"11/15/2016","1479168000","45330"
"11/16/2016","1479254400","41684"
"11/17/2016","1479340800","40738"
"11/18/2016","1479427200","43785"
"11/19/2016","1479513600","39289"
"11/20/2016","1479600000","42125"
"11/21/2016","1479686400","42735"
"11/22/2016","1479772800","53585"
"11/23/2016","1479859200","64289"
"11/24/2016","1479945600","36861"
"11/25/2016","1480032000","58075"
"11/26/2016","1480118400","40804"
"11/27/2016","1480204800","44449"
"11/28/2016","1480291200","48388"
"11/29/2016","1480377600","47036"
"11/30/2016","1480464000","39178"
"12/1/2016","1480550400","37121"
"12/2/2016","1480636800","41642"
"12/3/2016","1480723200","41357"
"12/4/2016","1480809600","39643"
"12/5/2016","1480896000","41613"
"12/6/2016","1480982400","48200"
"12/7/2016","1481068800","41757"
"12/8/2016","1481155200","39587"
"12/9/2016","1481241600","41444"
"12/10/2016","1481328000","40564"
"12/11/2016","1481414400","39164"
"12/12/2016","1481500800","38741"
"12/13/2016","1481587200","44664"
"12/14/2016","1481673600","47294"
"12/15/2016","1481760000","46102"
"12/16/2016","1481846400","43953"
"12/17/2016","1481932800","39442"
"12/18/2016","1482019200","36640"
"12/19/2016","1482105600","45599"
"12/20/2016","1482192000","44241"
"12/21/2016","1482278400","50793"
"12/22/2016","1482364800","55173"
"12/23/2016","1482451200","44391"
"12/24/2016","1482537600","37757"
"12/25/2016","1482624000","36601"
"12/26/2016","1482710400","34565"
"12/27/2016","1482796800","42370"
"12/28/2016","1482883200","43386"
"12/29/2016","1482969600","46546"
"12/30/2016","1483056000","44561"
"12/31/2016","1483142400","41220"
"1/1/2017","1483228800","38730"
"1/2/2017","1483315200","39652"
"1/3/2017","1483401600","45883"
"1/4/2017","1483488000","50673"
"1/5/2017","1483574400","49596"
"1/6/2017","1483660800","43804"
"1/7/2017","1483747200","43622"
"1/8/2017","1483833600","42727"
"1/9/2017","1483920000","46188"
"1/10/2017","1484006400","48179"
"1/11/2017","1484092800","45221"
"1/12/2017","1484179200","50589"
"1/13/2017","1484265600","50833"
"1/14/2017","1484352000","42044"
"1/15/2017","1484438400","41748"
"1/16/2017","1484524800","45375"
"1/17/2017","1484611200","46671"
"1/18/2017","1484697600","44994"
"1/19/2017","1484784000","43628"
"1/20/2017","1484870400","45775"
"1/21/2017","1484956800","43302"
"1/22/2017","1485043200","47432"
"1/23/2017","1485129600","46076"
"1/24/2017","1485216000","50414"
"1/25/2017","1485302400","46256"
"1/26/2017","1485388800","46856"
"1/27/2017","1485475200","46680"
"1/28/2017","1485561600","45189"
"1/29/2017","1485648000","42509"
"1/30/2017","1485734400","45369"
"1/31/2017","1485820800","43649"
"2/1/2017","1485907200","44541"
"2/2/2017","1485993600","43709"
"2/3/2017","1486080000","42778"
"2/4/2017","1486166400","45410"
"2/5/2017","1486252800","46542"
"2/6/2017","1486339200","47306"
"2/7/2017","1486425600","51866"
"2/8/2017","1486512000","51089"
"2/9/2017","1486598400","47873"
"2/10/2017","1486684800","52222"
"2/11/2017","1486771200","46560"
"2/12/2017","1486857600","45319"
"2/13/2017","1486944000","55990"
"2/14/2017","1487030400","58298"
"2/15/2017","1487116800","55320"
"2/16/2017","1487203200","49674"
"2/17/2017","1487289600","49406"
"2/18/2017","1487376000","49398"
"2/19/2017","1487462400","48227"
"2/20/2017","1487548800","50152"
"2/21/2017","1487635200","58434"
"2/22/2017","1487721600","50372"
"2/23/2017","1487808000","47601"
"2/24/2017","1487894400","54081"
"2/25/2017","1487980800","53245"
"2/26/2017","1488067200","51716"
"2/27/2017","1488153600","52642"
"2/28/2017","1488240000","60277"
"3/1/2017","1488326400","59774"
"3/2/2017","1488412800","70779"
"3/3/2017","1488499200","64294"
"3/4/2017","1488585600","58756"
"3/5/2017","1488672000","57031"
"3/6/2017","1488758400","57020"
"3/7/2017","1488844800","62589"
"3/8/2017","1488931200","55386"
"3/9/2017","1489017600","64266"
"3/10/2017","1489104000","65132"
"3/11/2017","1489190400","64803"
"3/12/2017","1489276800","66646"
"3/13/2017","1489363200","81718"
"3/14/2017","1489449600","77155"
"3/15/2017","1489536000","81205"
"3/16/2017","1489622400","109950"
"3/17/2017","1489708800","106635"
"3/18/2017","1489795200","89920"
"3/19/2017","1489881600","84599"
"3/20/2017","1489968000","80264"
"3/21/2017","1490054400","84298"
"3/22/2017","1490140800","78821"
"3/23/2017","1490227200","82434"
"3/24/2017","1490313600","87775"
"3/25/2017","1490400000","84394"
"3/26/2017","1490486400","79534"
"3/27/2017","1490572800","94570"
"3/28/2017","1490659200","84348"
"3/29/2017","1490745600","93064"
"3/30/2017","1490832000","96209"
"3/31/2017","1490918400","103102"
"4/1/2017","1491004800","80572"
"4/2/2017","1491091200","88948"
"4/3/2017","1491177600","100221"
"4/4/2017","1491264000","86279"
"4/5/2017","1491350400","87411"
"4/6/2017","1491436800","95177"
"4/7/2017","1491523200","92846"
"4/8/2017","1491609600","72144"
"4/9/2017","1491696000","74557"
"4/10/2017","1491782400","75487"
"4/11/2017","1491868800","75891"
"4/12/2017","1491955200","80347"
"4/13/2017","1492041600","84124"
"4/14/2017","1492128000","81155"
"4/15/2017","1492214400","74820"
"4/16/2017","1492300800","70634"
"4/17/2017","1492387200","72546"
"4/18/2017","1492473600","83303"
"4/19/2017","1492560000","85734"
"4/20/2017","1492646400","85450"
"4/21/2017","1492732800","81278"
"4/22/2017","1492819200","73539"
"4/23/2017","1492905600","77073"
"4/24/2017","1492992000","80531"
"4/25/2017","1493078400","93033"
"4/26/2017","1493164800","89642"
"4/27/2017","1493251200","104494"
"4/28/2017","1493337600","106193"
"4/29/2017","1493424000","91335"
"4/30/2017","1493510400","95202"
"5/1/2017","1493596800","112202"
"5/2/2017","1493683200","110354"
"5/3/2017","1493769600","97334"
"5/4/2017","1493856000","114877"
"5/5/2017","1493942400","108514"
"5/6/2017","1494028800","95014"
"5/7/2017","1494115200","106631"
"5/8/2017","1494201600","117509"
"5/9/2017","1494288000","112933"
"5/10/2017","1494374400","109673"
"5/11/2017","1494460800","117189"
"5/12/2017","1494547200","107241"
"5/13/2017","1494633600","101332"
"5/14/2017","1494720000","101348"
"5/15/2017","1494806400","122792"
"5/16/2017","1494892800","116341"
"5/17/2017","1494979200","140135"
"5/18/2017","1495065600","137409"
"5/19/2017","1495152000","161568"
"5/20/2017","1495238400","130912"
"5/21/2017","1495324800","149699"
"5/22/2017","1495411200","176255"
"5/23/2017","1495497600","187121"
"5/24/2017","1495584000","187293"
"5/25/2017","1495670400","183010"
"5/26/2017","1495756800","169818"
"5/27/2017","1495843200","149450"
"5/28/2017","1495929600","155271"
"5/29/2017","1496016000","158547"
"5/30/2017","1496102400","193618"
"5/31/2017","1496188800","214126"
"6/1/2017","1496275200","199160"
"6/2/2017","1496361600","194911"
"6/3/2017","1496448000","175666"
"6/4/2017","1496534400","180136"
"6/5/2017","1496620800","190305"
"6/6/2017","1496707200","200523"
"6/7/2017","1496793600","207180"
"6/8/2017","1496880000","187700"
"6/9/2017","1496966400","215831"
"6/10/2017","1497052800","213356"
"6/11/2017","1497139200","240490"
"6/12/2017","1497225600","292941"
"6/13/2017","1497312000","280054"
"6/14/2017","1497398400","250410"
"6/15/2017","1497484800","261617"
"6/16/2017","1497571200","248003"
"6/17/2017","1497657600","242022"
"6/18/2017","1497744000","245957"
"6/19/2017","1497830400","286209"
"6/20/2017","1497916800","308488"
"6/21/2017","1498003200","221289"
"6/22/2017","1498089600","284225"
"6/23/2017","1498176000","276012"
"6/24/2017","1498262400","250570"
"6/25/2017","1498348800","231135"
"6/26/2017","1498435200","316788"
"6/27/2017","1498521600","252995"
"6/28/2017","1498608000","274241"
"6/29/2017","1498694400","263791"
"6/30/2017","1498780800","252652"
"7/1/2017","1498867200","240465"
"7/2/2017","1498953600","248617"
"7/3/2017","1499040000","302032"
"7/4/2017","1499126400","281465"
"7/5/2017","1499212800","271606"
"7/6/2017","1499299200","258791"
"7/7/2017","1499385600","295389"
"7/8/2017","1499472000","248142"
"7/9/2017","1499558400","225189"
"7/10/2017","1499644800","302633"
"7/11/2017","1499731200","291677"
"7/12/2017","1499817600","283828"
"7/13/2017","1499904000","260745"
"7/14/2017","1499990400","249381"
"7/15/2017","1500076800","231961"
"7/16/2017","1500163200","249138"
"7/17/2017","1500249600","248473"
"7/18/2017","1500336000","271055"
"7/19/2017","1500422400","270122"
"7/20/2017","1500508800","250065"
"7/21/2017","1500595200","232560"
"7/22/2017","1500681600","205574"
"7/23/2017","1500768000","260490"
"7/24/2017","1500854400","263095"
"7/25/2017","1500940800","242956"
"7/26/2017","1501027200","223010"
"7/27/2017","1501113600","225435"
"7/28/2017","1501200000","246494"
"7/29/2017","1501286400","198773"
"7/30/2017","1501372800","206624"
"7/31/2017","1501459200","250090"
"8/1/2017","1501545600","218582"
"8/2/2017","1501632000","231068"
"8/3/2017","1501718400","236335"
"8/4/2017","1501804800","257160"
"8/5/2017","1501891200","261400"
"8/6/2017","1501977600","265127"
"8/7/2017","1502064000","281172"
"8/8/2017","1502150400","318866"
"8/9/2017","1502236800","280308"
"8/10/2017","1502323200","338241"
"8/11/2017","1502409600","356682"
"8/12/2017","1502496000","338654"
"8/13/2017","1502582400","333011"
"8/14/2017","1502668800","410061"
"8/15/2017","1502755200","413246"
"8/16/2017","1502841600","413624"
"8/17/2017","1502928000","428007"
"8/18/2017","1503014400","443356"
"8/19/2017","1503100800","377418"
"8/20/2017","1503187200","309926"
"8/21/2017","1503273600","392880"
"8/22/2017","1503360000","364727"
"8/23/2017","1503446400","374711"
"8/24/2017","1503532800","352465"
"8/25/2017","1503619200","352621"
"8/26/2017","1503705600","306268"
"8/27/2017","1503792000","324173"
"8/28/2017","1503878400","363799"
"8/29/2017","1503964800","394649"
"8/30/2017","1504051200","400220"
"8/31/2017","1504137600","384421"
"9/1/2017","1504224000","390997"
"9/2/2017","1504310400","331797"
"9/3/2017","1504396800","302525"
"9/4/2017","1504483200","442592"
"9/5/2017","1504569600","444572"
"9/6/2017","1504656000","496376"
"9/7/2017","1504742400","448347"
"9/8/2017","1504828800","463670"
"9/9/2017","1504915200","383654"
"9/10/2017","1505001600","325128"
"9/11/2017","1505088000","365384"
"9/12/2017","1505174400","404898"
"9/13/2017","1505260800","365679"
"9/14/2017","1505347200","380251"
"9/15/2017","1505433600","441767"
"9/16/2017","1505520000","373764"
"9/17/2017","1505606400","289517"
"9/18/2017","1505692800","362764"
"9/19/2017","1505779200","337752"
"9/20/2017","1505865600","324984"
"9/21/2017","1505952000","317074"
"9/22/2017","1506038400","271470"
"9/23/2017","1506124800","260107"
"9/24/2017","1506211200","280929"
"9/25/2017","1506297600","306614"
"9/26/2017","1506384000","306075"
"9/27/2017","1506470400","309047"
"9/28/2017","1506556800","329208"
"9/29/2017","1506643200","326502"
"9/30/2017","1506729600","295798"
"10/1/2017","1506816000","283871"
"10/2/2017","1506902400","306095"
"10/3/2017","1506988800","327906"
"10/4/2017","1507075200","307399"
"10/5/2017","1507161600","314808"
"10/6/2017","1507248000","319882"
"10/7/2017","1507334400","291091"
"10/8/2017","1507420800","296829"
"10/9/2017","1507507200","328172"
"10/10/2017","1507593600","349605"
"10/11/2017","1507680000","344305"
"10/12/2017","1507766400","363411"
"10/13/2017","1507852800","379136"
"10/14/2017","1507939200","332169"
"10/15/2017","1508025600","328921"
"10/16/2017","1508112000","408297"
"10/17/2017","1508198400","505611"
"10/18/2017","1508284800","470449"
"10/19/2017","1508371200","494184"
"10/20/2017","1508457600","546837"
"10/21/2017","1508544000","462902"
"10/22/2017","1508630400","435493"
"10/23/2017","1508716800","468168"
"10/24/2017","1508803200","492288"
"10/25/2017","1508889600","460419"
"10/26/2017","1508976000","466406"
"10/27/2017","1509062400","486147"
"10/28/2017","1509148800","484554"
"10/29/2017","1509235200","494176"
"10/30/2017","1509321600","532626"
"10/31/2017","1509408000","519906"
"11/1/2017","1509494400","527783"
"11/2/2017","1509580800","529277"
"11/3/2017","1509667200","485790"
"11/4/2017","1509753600","398758"
"11/5/2017","1509840000","417102"
"11/6/2017","1509926400","511663"
"11/7/2017","1510012800","470418"
"11/8/2017","1510099200","480413"
"11/9/2017","1510185600","467172"
"11/10/2017","1510272000","457427"
"11/11/2017","1510358400","394378"
"11/12/2017","1510444800","434380"
"11/13/2017","1510531200","443176"
"11/14/2017","1510617600","475984"
"11/15/2017","1510704000","540593"
"11/16/2017","1510790400","491482"
"11/17/2017","1510876800","508590"
"11/18/2017","1510963200","459679"
"11/19/2017","1511049600","464563"
"11/20/2017","1511136000","530141"
"11/21/2017","1511222400","524044"
"11/22/2017","1511308800","546489"
"11/23/2017","1511395200","537068"
"11/24/2017","1511481600","525529"
"11/25/2017","1511568000","561166"
"11/26/2017","1511654400","542484"
"11/27/2017","1511740800","608695"
"11/28/2017","1511827200","638989"
"11/29/2017","1511913600","663579"
"11/30/2017","1512000000","655457"
"12/1/2017","1512086400","622720"
"12/2/2017","1512172800","627785"
"12/3/2017","1512259200","693808"
"12/4/2017","1512345600","701834"
"12/5/2017","1512432000","693090"
"12/6/2017","1512518400","791746"
"12/7/2017","1512604800","659068"
"12/8/2017","1512691200","766411"
"12/9/2017","1512777600","707223"
"12/10/2017","1512864000","716575"
"12/11/2017","1512950400","828899"
"12/12/2017","1513036800","872340"
"12/13/2017","1513123200","909631"
"12/14/2017","1513209600","942559"
"12/15/2017","1513296000","904346"
"12/16/2017","1513382400","899857"
"12/17/2017","1513468800","876574"
"12/18/2017","1513555200","984021"
"12/19/2017","1513641600","1092234"
"12/20/2017","1513728000","986104"
"12/21/2017","1513814400","1072665"
"12/22/2017","1513900800","1103523"
"12/23/2017","1513987200","918881"
"12/24/2017","1514073600","758234"
"12/25/2017","1514160000","752361"
"12/26/2017","1514246400","813510"
"12/27/2017","1514332800","912752"
"12/28/2017","1514419200","949503"
"12/29/2017","1514505600","1090191"
"12/30/2017","1514592000","1136659"
"12/31/2017","1514678400","946981"
"1/1/2018","1514764800","908945"
"1/2/2018","1514851200","1153936"
"1/3/2018","1514937600","1238030"
"1/4/2018","1515024000","1349890"
"1/5/2018","1515110400","1271577"
"1/6/2018","1515196800","1226417"
"1/7/2018","1515283200","1152722"
"1/8/2018","1515369600","1215473"
"1/9/2018","1515456000","1256240"
"1/10/2018","1515542400","1177685"
"1/11/2018","1515628800","1173965"
"1/12/2018","1515715200","1118757"
"1/13/2018","1515801600","1179321"
"1/14/2018","1515888000","1081593"
"1/15/2018","1515974400","1206420"
"1/16/2018","1516060800","1277936"
"1/17/2018","1516147200","1277083"
"1/18/2018","1516233600","1205184"
"1/19/2018","1516320000","1043257"
"1/20/2018","1516406400","984489"
"1/21/2018","1516492800","1006530"
"1/22/2018","1516579200","972911"
"1/23/2018","1516665600","928494"
"1/24/2018","1516752000","913668"
"1/25/2018","1516838400","788515"
"1/26/2018","1516924800","953429"
"1/27/2018","1517011200","831992"
"1/28/2018","1517097600","889104"
"1/29/2018","1517184000","936845"
"1/30/2018","1517270400","906578"
"1/31/2018","1517356800","877284"
"2/1/2018","1517443200","1008759"
"2/2/2018","1517529600","981133"
"2/3/2018","1517616000","814486"
"2/4/2018","1517702400","800876"
"2/5/2018","1517788800","875761"
"2/6/2018","1517875200","888219"
"2/7/2018","1517961600","818625"
"2/8/2018","1518048000","681344"
"2/9/2018","1518134400","789807"
"2/10/2018","1518220800","848390"
"2/11/2018","1518307200","773496"
"2/12/2018","1518393600","829020"
"2/13/2018","1518480000","745822"
"2/14/2018","1518566400","746384"
"2/15/2018","1518652800","777318"
"2/16/2018","1518739200","704758"
"2/17/2018","1518825600","772079"
"2/18/2018","1518912000","756092"
"2/19/2018","1518998400","811384"
"2/20/2018","1519084800","886897"
"2/21/2018","1519171200","850504"
"2/22/2018","1519257600","761893"
"2/23/2018","1519344000","733084"
"2/24/2018","1519430400","732861"
"2/25/2018","1519516800","690582"
"2/26/2018","1519603200","737453"
"2/27/2018","1519689600","694583"
"2/28/2018","1519776000","720368"
"3/1/2018","1519862400","684404"
"3/2/2018","1519948800","744666"
"3/3/2018","1520035200","673465"
"3/4/2018","1520121600","643241"
"3/5/2018","1520208000","752756"
"3/6/2018","1520294400","712591"
"3/7/2018","1520380800","783757"
"3/8/2018","1520467200","690139"
"3/9/2018","1520553600","650058"
"3/10/2018","1520640000","591377"
"3/11/2018","1520726400","608899"
"3/12/2018","1520812800","677908"
"3/13/2018","1520899200","699093"
"3/14/2018","1520985600","671198"
"3/15/2018","1521072000","654531"
"3/16/2018","1521158400","654584"
"3/17/2018","1521244800","593203"
"3/18/2018","1521331200","684094"
"3/19/2018","1521417600","703891"
"3/20/2018","1521504000","661791"
"3/21/2018","1521590400","697872"
"3/22/2018","1521676800","619453"
"3/23/2018","1521763200","677103"
"3/24/2018","1521849600","613203"
"3/25/2018","1521936000","526372"
"3/26/2018","1522022400","626615"
"3/27/2018","1522108800","584055"
"3/28/2018","1522195200","579858"
"3/29/2018","1522281600","583673"
"3/30/2018","1522368000","633616"
"3/31/2018","1522454400","584396"
"4/1/2018","1522540800","545141"
"4/2/2018","1522627200","598505"
"4/3/2018","1522713600","645977"
"4/4/2018","1522800000","628441"
"4/5/2018","1522886400","695871"
"4/6/2018","1522972800","647981"
"4/7/2018","1523059200","535865"
"4/8/2018","1523145600","595733"
"4/9/2018","1523232000","609799"
"4/10/2018","1523318400","571388"
"4/11/2018","1523404800","609102"
"4/12/2018","1523491200","692606"
"4/13/2018","1523577600","730344"
"4/14/2018","1523664000","611188"
"4/15/2018","1523750400","619985"
"4/16/2018","1523836800","664402"
"4/17/2018","1523923200","742823"
"4/18/2018","1524009600","703293"
"4/19/2018","1524096000","814318"
"4/20/2018","1524182400","832220"
"4/21/2018","1524268800","746104"
"4/22/2018","1524355200","748858"
"4/23/2018","1524441600","802870"
"4/24/2018","1524528000","816357"
"4/25/2018","1524614400","799014"
"4/26/2018","1524700800","793873"
"4/27/2018","1524787200","764479"
"4/28/2018","1524873600","775321"
"4/29/2018","1524960000","756651"
"4/30/2018","1525046400","778133"
"5/1/2018","1525132800","713839"
"5/2/2018","1525219200","787722"
"5/3/2018","1525305600","839586"
"5/4/2018","1525392000","1000526"
"5/5/2018","1525478400","789261"
"5/6/2018","1525564800","691273"
"5/7/2018","1525651200","789863"
"5/8/2018","1525737600","820098"
"5/9/2018","1525824000","831127"
"5/10/2018","1525910400","854827"
"5/11/2018","1525996800","826099"
"5/12/2018","1526083200","788487"
"5/13/2018","1526169600","762439"
"5/14/2018","1526256000","801788"
"5/15/2018","1526342400","779210"
"5/16/2018","1526428800","807257"
"5/17/2018","1526515200","835761"
"5/18/2018","1526601600","831831"
"5/19/2018","1526688000","846288"
"5/20/2018","1526774400","777283"
"5/21/2018","1526860800","802211"
"5/22/2018","1526947200","822409"
"5/23/2018","1527033600","833377"
"5/24/2018","1527120000","811167"
"5/25/2018","1527206400","800838"
"5/26/2018","1527292800","761932"
"5/27/2018","1527379200","776024"
"5/28/2018","1527465600","861002"
"5/29/2018","1527552000","812183"
"5/30/2018","1527638400","817167"
"5/31/2018","1527724800","832842"
"6/1/2018","1527811200","758242"
"6/2/2018","1527897600","768017"
"6/3/2018","1527984000","809997"
"6/4/2018","1528070400","807165"
"6/5/2018","1528156800","780654"
"6/6/2018","1528243200","754070"
"6/7/2018","1528329600","775828"
"6/8/2018","1528416000","720017"
"6/9/2018","1528502400","769427"
"6/10/2018","1528588800","771280"
"6/11/2018","1528675200","768985"
"6/12/2018","1528761600","770199"
"6/13/2018","1528848000","797637"
"6/14/2018","1528934400","765916"
"6/15/2018","1529020800","763803"
"6/16/2018","1529107200","639775"
"6/17/2018","1529193600","648548"
"6/18/2018","1529280000","695753"
"6/19/2018","1529366400","778765"
"6/20/2018","1529452800","803076"
"6/21/2018","1529539200","752035"
"6/22/2018","1529625600","770457"
"6/23/2018","1529712000","675918"
"6/24/2018","1529798400","671994"
"6/25/2018","1529884800","837265"
"6/26/2018","1529971200","732170"
"6/27/2018","1530057600","771938"
"6/28/2018","1530144000","744784"
"6/29/2018","1530230400","735092"
"6/30/2018","1530316800","632981"
"7/1/2018","1530403200","622633"
"7/2/2018","1530489600","489559"
"7/3/2018","1530576000","573532"
"7/4/2018","1530662400","447112"
"7/5/2018","1530748800","527586"
"7/6/2018","1530835200","459075"
"7/7/2018","1530921600","484105"
"7/8/2018","1531008000","631505"
"7/9/2018","1531094400","651926"
"7/10/2018","1531180800","691771"
"7/11/2018","1531267200","643920"
"7/12/2018","1531353600","566058"
"7/13/2018","1531440000","563317"
"7/14/2018","1531526400","508951"
"7/15/2018","1531612800","453706"
"7/16/2018","1531699200","703999"
"7/17/2018","1531785600","701292"
"7/18/2018","1531872000","746145"
"7/19/2018","1531958400","734702"
"7/20/2018","1532044800","671608"
"7/21/2018","1532131200","620634"
"7/22/2018","1532217600","675356"
"7/23/2018","1532304000","758657"
"7/24/2018","1532390400","784910"
"7/25/2018","1532476800","787527"
"7/26/2018","1532563200","725630"
"7/27/2018","1532649600","788715"
"7/28/2018","1532736000","703973"
"7/29/2018","1532822400","716354"
"7/30/2018","1532908800","757712"
"7/31/2018","1532995200","745063"
"8/1/2018","1533081600","757758"
"8/2/2018","1533168000","779928"
"8/3/2018","1533254400","753190"
"8/4/2018","1533340800","720548"
"8/5/2018","1533427200","704249"
"8/6/2018","1533513600","699536"
"8/7/2018","1533600000","636342"
"8/8/2018","1533686400","565663"
"8/9/2018","1533772800","538530"
"8/10/2018","1533859200","613892"
"8/11/2018","1533945600","657312"
"8/12/2018","1534032000","641927"
"8/13/2018","1534118400","694941"
"8/14/2018","1534204800","690348"
"8/15/2018","1534291200","648565"
"8/16/2018","1534377600","716732"
"8/17/2018","1534464000","607270"
"8/18/2018","1534550400","627522"
"8/19/2018","1534636800","599660"
"8/20/2018","1534723200","663769"
"8/21/2018","1534809600","605639"
"8/22/2018","1534896000","594918"
"8/23/2018","1534982400","599557"
"8/24/2018","1535068800","596227"
"8/25/2018","1535155200","577239"
"8/26/2018","1535241600","574072"
"8/27/2018","1535328000","645935"
"8/28/2018","1535414400","613844"
"8/29/2018","1535500800","546841"
"8/30/2018","1535587200","592847"
"8/31/2018","1535673600","577258"
"9/1/2018","1535760000","656254"
"9/2/2018","1535846400","620267"
"9/3/2018","1535932800","631429"
"9/4/2018","1536019200","589521"
"9/5/2018","1536105600","626957"
"9/6/2018","1536192000","588959"
"9/7/2018","1536278400","582184"
"9/8/2018","1536364800","543337"
"9/9/2018","1536451200","565631"
"9/10/2018","1536537600","561611"
"9/11/2018","1536624000","557317"
"9/12/2018","1536710400","570673"
"9/13/2018","1536796800","555753"
"9/14/2018","1536883200","514394"
"9/15/2018","1536969600","479695"
"9/16/2018","1537056000","458432"
"9/17/2018","1537142400","553720"
"9/18/2018","1537228800","500513"
"9/19/2018","1537315200","507255"
"9/20/2018","1537401600","498146"
"9/21/2018","1537488000","544686"
"9/22/2018","1537574400","470309"
"9/23/2018","1537660800","468627"
"9/24/2018","1537747200","480337"
"9/25/2018","1537833600","519108"
"9/26/2018","1537920000","493507"
"9/27/2018","1538006400","504047"
"9/28/2018","1538092800","500407"
"9/29/2018","1538179200","434315"
"9/30/2018","1538265600","479351"
"10/1/2018","1538352000","476308"
"10/2/2018","1538438400","490262"
"10/3/2018","1538524800","559006"
"10/4/2018","1538611200","559181"
"10/5/2018","1538697600","595361"
"10/6/2018","1538784000","596865"
"10/7/2018","1538870400","497767"
"10/8/2018","1538956800","542842"
"10/9/2018","1539043200","537028"
"10/10/2018","1539129600","516772"
"10/11/2018","1539216000","570525"
"10/12/2018","1539302400","562140"
"10/13/2018","1539388800","541797"
"10/14/2018","1539475200","511719"
"10/15/2018","1539561600","562011"
"10/16/2018","1539648000","575450"
"10/17/2018","1539734400","580354"
"10/18/2018","1539820800","565791"
"10/19/2018","1539907200","601119"
"10/20/2018","1539993600","534080"
"10/21/2018","1540080000","508014"
"10/22/2018","1540166400","577314"
"10/23/2018","1540252800","556231"
"10/24/2018","1540339200","532709"
"10/25/2018","1540425600","537236"
"10/26/2018","1540512000","551218"
"10/27/2018","1540598400","499165"
"10/28/2018","1540684800","509862"
"10/29/2018","1540771200","614695"
"10/30/2018","1540857600","608397"
"10/31/2018","1540944000","585707"
"11/1/2018","1541030400","589096"
"11/2/2018","1541116800","548534"
"11/3/2018","1541203200","505015"
"11/4/2018","1541289600","510848"
"11/5/2018","1541376000","582354"
"11/6/2018","1541462400","597166"
"11/7/2018","1541548800","564602"
"11/8/2018","1541635200","555392"
"11/9/2018","1541721600","547848"
"11/10/2018","1541808000","489120"
"11/11/2018","1541894400","527799"
"11/12/2018","1541980800","571162"
"11/13/2018","1542067200","553590"
"11/14/2018","1542153600","582181"
"11/15/2018","1542240000","563051"
"11/16/2018","1542326400","552107"
"11/17/2018","1542412800","505581"
"11/18/2018","1542499200","484801"
"11/19/2018","1542585600","622942"
"11/20/2018","1542672000","625752"
"11/21/2018","1542758400","579531"
"11/22/2018","1542844800","568895"
"11/23/2018","1542931200","559992"
"11/24/2018","1543017600","497091"
"11/25/2018","1543104000","529038"
"11/26/2018","1543190400","557388"
"11/27/2018","1543276800","565825"
"11/28/2018","1543363200","622580"
"11/29/2018","1543449600","555591"
"11/30/2018","1543536000","599039"
"12/1/2018","1543622400","525757"
"12/2/2018","1543708800","492410"
"12/3/2018","1543795200","548100"
"12/4/2018","1543881600","565202"
"12/5/2018","1543968000","595937"
"12/6/2018","1544054400","590923"
"12/7/2018","1544140800","572417"
"12/8/2018","1544227200","552651"
"12/9/2018","1544313600","507555"
"12/10/2018","1544400000","555379"
"12/11/2018","1544486400","536006"
"12/12/2018","1544572800","533920"
"12/13/2018","1544659200","565689"
"12/14/2018","1544745600","567306"
"12/15/2018","1544832000","551916"
"12/16/2018","1544918400","516697"
"12/17/2018","1545004800","570051"
"12/18/2018","1545091200","556320"
"12/19/2018","1545177600","597824"
"12/20/2018","1545264000","602429"
"12/21/2018","1545350400","606526"
"12/22/2018","1545436800","495551"
"12/23/2018","1545523200","543655"
"12/24/2018","1545609600","615551"
"12/25/2018","1545696000","535001"
"12/26/2018","1545782400","560047"
"12/27/2018","1545868800","548411"
"12/28/2018","1545955200","572189"
"12/29/2018","1546041600","543746"
"12/30/2018","1546128000","460395"
"12/31/2018","1546214400","522040"
"1/1/2019","1546300800","448168"
"1/2/2019","1546387200","589959"
"1/3/2019","1546473600","596620"
"1/4/2019","1546560000","549398"
"1/5/2019","1546646400","511189"
"1/6/2019","1546732800","487372"
"1/7/2019","1546819200","550964"
"1/8/2019","1546905600","553367"
"1/9/2019","1546992000","558847"
"1/10/2019","1547078400","582839"
"1/11/2019","1547164800","541838"
"1/12/2019","1547251200","452707"
"1/13/2019","1547337600","481347"
"1/14/2019","1547424000","577239"
"1/15/2019","1547510400","539896"
"1/16/2019","1547596800","507687"
"1/17/2019","1547683200","517082"
"1/18/2019","1547769600","538899"
"1/19/2019","1547856000","539125"
"1/20/2019","1547942400","537705"
"1/21/2019","1548028800","582751"
"1/22/2019","1548115200","605558"
"1/23/2019","1548201600","533819"
"1/24/2019","1548288000","520130"
"1/25/2019","1548374400","504903"
"1/26/2019","1548460800","464380"
"1/27/2019","1548547200","488814"
"1/28/2019","1548633600","568564"
"1/29/2019","1548720000","566026"
"1/30/2019","1548806400","555347"
"1/31/2019","1548892800","517057"
"2/1/2019","1548979200","498856"
"2/2/2019","1549065600","450314"
"2/3/2019","1549152000","424378"
"2/4/2019","1549238400","416394"
"2/5/2019","1549324800","414815"
"2/6/2019","1549411200","429065"
"2/7/2019","1549497600","428676"
"2/8/2019","1549584000","471952"
"2/9/2019","1549670400","417129"
"2/10/2019","1549756800","381151"
"2/11/2019","1549843200","429007"
"2/12/2019","1549929600","438111"
"2/13/2019","1550016000","491354"
"2/14/2019","1550102400","474782"
"2/15/2019","1550188800","468599"
"2/16/2019","1550275200","454309"
"2/17/2019","1550361600","447945"
"2/18/2019","1550448000","512455"
"2/19/2019","1550534400","533602"
"2/20/2019","1550620800","530268"
"2/21/2019","1550707200","544817"
"2/22/2019","1550793600","530839"
"2/23/2019","1550880000","476225"
"2/24/2019","1550966400","540201"
"2/25/2019","1551052800","573756"
"2/26/2019","1551139200","553925"
"2/27/2019","1551225600","539516"
"2/28/2019","1551312000","541458"
"3/1/2019","1551398400","547622"
"3/2/2019","1551484800","526912"
"3/3/2019","1551571200","492382"
"3/4/2019","1551657600","620211"
"3/5/2019","1551744000","598085"
"3/6/2019","1551830400","578932"
"3/7/2019","1551916800","572685"
"3/8/2019","1552003200","562361"
"3/9/2019","1552089600","555854"
"3/10/2019","1552176000","484038"
"3/11/2019","1552262400","536412"
"3/12/2019","1552348800","564306"
"3/13/2019","1552435200","573281"
"3/14/2019","1552521600","573828"
"3/15/2019","1552608000","553012"
"3/16/2019","1552694400","504183"
"3/17/2019","1552780800","494872"
"3/18/2019","1552867200","573940"
"3/19/2019","1552953600","635940"
"3/20/2019","1553040000","630313"
"3/21/2019","1553126400","618318"
"3/22/2019","1553212800","628700"
"3/23/2019","1553299200","561778"
"3/24/2019","1553385600","549073"
"3/25/2019","1553472000","648670"
"3/26/2019","1553558400","629010"
"3/27/2019","1553644800","625948"
"3/28/2019","1553731200","634367"
"3/29/2019","1553817600","640352"
"3/30/2019","1553904000","667967"
"3/31/2019","1553990400","646230"
"4/1/2019","1554076800","687574"
"4/2/2019","1554163200","758900"
"4/3/2019","1554249600","746605"
"4/4/2019","1554336000","673520"
"4/5/2019","1554422400","621924"
"4/6/2019","1554508800","559039"
"4/7/2019","1554595200","572886"
"4/8/2019","1554681600","668000"
"4/9/2019","1554768000","656914"
"4/10/2019","1554854400","674070"
"4/11/2019","1554940800","729032"
"4/12/2019","1555027200","694793"
"4/13/2019","1555113600","614291"
"4/14/2019","1555200000","551055"
"4/15/2019","1555286400","622058"
"4/16/2019","1555372800","656461"
"4/17/2019","1555459200","681896"
"4/18/2019","1555545600","697650"
"4/19/2019","1555632000","693183"
"4/20/2019","1555718400","686824"
"4/21/2019","1555804800","631190"
"4/22/2019","1555891200","719306"
"4/23/2019","1555977600","729268"
"4/24/2019","1556064000","668917"
"4/25/2019","1556150400","680812"
"4/26/2019","1556236800","661061"
"4/27/2019","1556323200","562687"
"4/28/2019","1556409600","593482"
"4/29/2019","1556496000","628989"
"4/30/2019","1556582400","707771"
"5/1/2019","1556668800","703790"
"5/2/2019","1556755200","626308"
"5/3/2019","1556841600","670882"
"5/4/2019","1556928000","623395"
"5/5/2019","1557014400","637464"
"5/6/2019","1557100800","706135"
"5/7/2019","1557187200","658146"
"5/8/2019","1557273600","686996"
"5/9/2019","1557360000","718440"
"5/10/2019","1557446400","736762"
"5/11/2019","1557532800","742337"
"5/12/2019","1557619200","715827"
"5/13/2019","1557705600","758695"
"5/14/2019","1557792000","830785"
"5/15/2019","1557878400","847606"
"5/16/2019","1557964800","908208"
"5/17/2019","1558051200","810320"
"5/18/2019","1558137600","735420"
"5/19/2019","1558224000","752431"
"5/20/2019","1558310400","860161"
"5/21/2019","1558396800","812799"
"5/22/2019","1558483200","873384"
"5/23/2019","1558569600","846724"
"5/24/2019","1558656000","904057"
"5/25/2019","1558742400","839949"
"5/26/2019","1558828800","763094"
"5/27/2019","1558915200","941733"
"5/28/2019","1559001600","910535"
"5/29/2019","1559088000","947509"
"5/30/2019","1559174400","891907"
"5/31/2019","1559260800","870676"
"6/1/2019","1559347200","956751"
"6/2/2019","1559433600","890894"
"6/3/2019","1559520000","889067"
"6/4/2019","1559606400","891955"
"6/5/2019","1559692800","799392"
"6/6/2019","1559779200","824817"
"6/7/2019","1559865600","758454"
"6/8/2019","1559952000","992653"
"6/9/2019","1560038400","715741"
"6/10/2019","1560124800","963694"
"6/11/2019","1560211200","930038"
"6/12/2019","1560297600","860682"
"6/13/2019","1560384000","749758"
"6/14/2019","1560470400","825364"
"6/15/2019","1560556800","938952"
"6/16/2019","1560643200","888979"
"6/17/2019","1560729600","944094"
"6/18/2019","1560816000","850016"
"6/19/2019","1560902400","886054"
"6/20/2019","1560988800","985024"
"6/21/2019","1561075200","777627"
"6/22/2019","1561161600","758133"
"6/23/2019","1561248000","773499"
"6/24/2019","1561334400","809637"
"6/25/2019","1561420800","932194"
"6/26/2019","1561507200","848601"
"6/27/2019","1561593600","814118"
"6/28/2019","1561680000","1004170"
"6/29/2019","1561766400","733337"
"6/30/2019","1561852800","685958"
"7/1/2019","1561939200","951985"
"7/2/2019","1562025600","895054"
"7/3/2019","1562112000","753227"
"7/4/2019","1562198400","747514"
"7/5/2019","1562284800","849080"
"7/6/2019","1562371200","754040"
"7/7/2019","1562457600","582067"
"7/8/2019","1562544000","809796"
"7/9/2019","1562630400","771955"
"7/10/2019","1562716800","736096"
"7/11/2019","1562803200","975288"
"7/12/2019","1562889600","726392"
"7/13/2019","1562976000","587283"
"7/14/2019","1563062400","613490"
"7/15/2019","1563148800","743294"
"7/16/2019","1563235200","1003278"
"7/17/2019","1563321600","830029"
"7/18/2019","1563408000","667874"
"7/19/2019","1563494400","815548"
"7/20/2019","1563580800","584085"
"7/21/2019","1563667200","522416"
"7/22/2019","1563753600","640666"
"7/23/2019","1563840000","606795"
"7/24/2019","1563926400","907213"
"7/25/2019","1564012800","949864"
"7/26/2019","1564099200","640260"
"7/27/2019","1564185600","577697"
"7/28/2019","1564272000","572697"
"7/29/2019","1564358400","676990"
"7/30/2019","1564444800","715782"
"7/31/2019","1564531200","684284"
"8/1/2019","1564617600","877643"
"8/2/2019","1564704000","768312"
"8/3/2019","1564790400","783492"
"8/4/2019","1564876800","569134"
"8/5/2019","1564963200","718438"
"8/6/2019","1565049600","732052"
"8/7/2019","1565136000","742477"
"8/8/2019","1565222400","692736"
"8/9/2019","1565308800","721762"
"8/10/2019","1565395200","630929"
"8/11/2019","1565481600","582507"
"8/12/2019","1565568000","712949"
"8/13/2019","1565654400","698671"
"8/14/2019","1565740800","736647"
"8/15/2019","1565827200","689076"
"8/16/2019","1565913600","718875"
"8/17/2019","1566000000","641106"
"8/18/2019","1566086400","627260"
"8/19/2019","1566172800","724461"
"8/20/2019","1566259200","733520"
"8/21/2019","1566345600","731500"
"8/22/2019","1566432000","737144"
"8/23/2019","1566518400","733282"
"8/24/2019","1566604800","684235"
"8/25/2019","1566691200","677260"
"8/26/2019","1566777600","750845"
"8/27/2019","1566864000","748158"
"8/28/2019","1566950400","722262"
"8/29/2019","1567036800","724189"
"8/30/2019","1567123200","713194"
"8/31/2019","1567209600","679773"
"9/1/2019","1567296000","690235"
"9/2/2019","1567382400","757539"
"9/3/2019","1567468800","751224"
"9/4/2019","1567555200","714432"
"9/5/2019","1567641600","769872"
"9/6/2019","1567728000","768500"
"9/7/2019","1567814400","677445"
"9/8/2019","1567900800","675137"
"9/9/2019","1567987200","756508"
"9/10/2019","1568073600","691617"
"9/11/2019","1568160000","705292"
"9/12/2019","1568246400","723726"
"9/13/2019","1568332800","623470"
"9/14/2019","1568419200","628467"
"9/15/2019","1568505600","633961"
"9/16/2019","1568592000","733010"
"9/17/2019","1568678400","681814"
"9/18/2019","1568764800","708743"
"9/19/2019","1568851200","692484"
"9/20/2019","1568937600","717128"
"9/21/2019","1569024000","596973"
"9/22/2019","1569110400","576563"
"9/23/2019","1569196800","639394"
"9/24/2019","1569283200","709522"
"9/25/2019","1569369600","677675"
"9/26/2019","1569456000","657676"
"9/27/2019","1569542400","623632"
"9/28/2019","1569628800","607857"
"9/29/2019","1569715200","591986"
"9/30/2019","1569801600","683924"
"10/1/2019","1569888000","645073"
"10/2/2019","1569974400","627137"
"10/3/2019","1570060800","615189"
"10/4/2019","1570147200","590197"
"10/5/2019","1570233600","595118"
"10/6/2019","1570320000","571769"
"10/7/2019","1570406400","629382"
"10/8/2019","1570492800","710373"
"10/9/2019","1570579200","751354"
"10/10/2019","1570665600","706127"
"10/11/2019","1570752000","702673"
"10/12/2019","1570838400","634450"
"10/13/2019","1570924800","566845"
"10/14/2019","1571011200","650601"
"10/15/2019","1571097600","690703"
"10/16/2019","1571184000","694589"
"10/17/2019","1571270400","703704"
"10/18/2019","1571356800","733646"
"10/19/2019","1571443200","665170"
"10/20/2019","1571529600","612341"
"10/21/2019","1571616000","678528"
"10/22/2019","1571702400","726230"
"10/23/2019","1571788800","736388"
"10/24/2019","1571875200","724917"
"10/25/2019","1571961600","741655"
"10/26/2019","1572048000","716822"
"10/27/2019","1572134400","642955"
"10/28/2019","1572220800","721335"
"10/29/2019","1572307200","707622"
"10/30/2019","1572393600","717618"
"10/31/2019","1572480000","744118"
"11/1/2019","1572566400","705019"
"11/2/2019","1572652800","590976"
"11/3/2019","1572739200","571113"
"11/4/2019","1572825600","670783"
"11/5/2019","1572912000","739254"
"11/6/2019","1572998400","707733"
"11/7/2019","1573084800","857371"
"11/8/2019","1573171200","699138"
"11/9/2019","1573257600","604007"
"11/10/2019","1573344000","609364"
"11/11/2019","1573430400","710155"
"11/12/2019","1573516800","708660"
"11/13/2019","1573603200","713551"
"11/14/2019","1573689600","679505"
"11/15/2019","1573776000","683049"
"11/16/2019","1573862400","596661"
"11/17/2019","1573948800","600168"
"11/18/2019","1574035200","734472"
"11/19/2019","1574121600","735532"
"11/20/2019","1574208000","689771"
"11/21/2019","1574294400","762896"
"11/22/2019","1574380800","794748"
"11/23/2019","1574467200","631670"
"11/24/2019","1574553600","596880"
"11/25/2019","1574640000","762888"
"11/26/2019","1574726400","679733"
"11/27/2019","1574812800","674957"
"11/28/2019","1574899200","623080"
"11/29/2019","1574985600","670568"
"11/30/2019","1575072000","584871"
"12/1/2019","1575158400","615069"
"12/2/2019","1575244800","681210"
"12/3/2019","1575331200","610528"
"12/4/2019","1575417600","661004"
"12/5/2019","1575504000","617647"
"12/6/2019","1575590400","573666"
"12/7/2019","1575676800","488124"
"12/8/2019","1575763200","440672"
"12/9/2019","1575849600","635462"
"12/10/2019","1575936000","631603"
"12/11/2019","1576022400","625349"
"12/12/2019","1576108800","635638"
"12/13/2019","1576195200","621511"
"12/14/2019","1576281600","551143"
"12/15/2019","1576368000","526996"
"12/16/2019","1576454400","634682"
"12/17/2019","1576540800","646999"
"12/18/2019","1576627200","663295"
"12/19/2019","1576713600","620140"
"12/20/2019","1576800000","614338"
"12/21/2019","1576886400","545378"
"12/22/2019","1576972800","529935"
"12/23/2019","1577059200","631635"
"12/24/2019","1577145600","602814"
"12/25/2019","1577232000","565093"
"12/26/2019","1577318400","586645"
"12/27/2019","1577404800","580029"
"12/28/2019","1577491200","516438"
"12/29/2019","1577577600","480131"
"12/30/2019","1577664000","584426"
"12/31/2019","1577750400","554215"
"1/1/2020","1577836800","466526"
"1/2/2020","1577923200","505639"
"1/3/2020","1578009600","581641"
"1/4/2020","1578096000","559074"
"1/5/2020","1578182400","524664"
"1/6/2020","1578268800","626525"
"1/7/2020","1578355200","646478"
"1/8/2020","1578441600","653831"
"1/9/2020","1578528000","621399"
"1/10/2020","1578614400","605095"
"1/11/2020","1578700800","549612"
"1/12/2020","1578787200","523951"
"1/13/2020","1578873600","565389"
"1/14/2020","1578960000","671748"
"1/15/2020","1579046400","698399"
"1/16/2020","1579132800","693649"
"1/17/2020","1579219200","676556"
"1/18/2020","1579305600","628211"
"1/19/2020","1579392000","615368"
"1/20/2020","1579478400","599266"
"1/21/2020","1579564800","558962"
"1/22/2020","1579651200","513767"
"1/23/2020","1579737600","552533"
"1/24/2020","1579824000","497135"
"1/25/2020","1579910400","435515"
"1/26/2020","1579996800","428839"
"1/27/2020","1580083200","476541"
"1/28/2020","1580169600","526284"
"1/29/2020","1580256000","551529"
"1/30/2020","1580342400","566052"
"1/31/2020","1580428800","583358"
"2/1/2020","1580515200","545761"
"2/2/2020","1580601600","530094"
"2/3/2020","1580688000","621191"
"2/4/2020","1580774400","524476"
"2/5/2020","1580860800","610780"
"2/6/2020","1580947200","606505"
"2/7/2020","1581033600","626252"
"2/8/2020","1581120000","661649"
"2/9/2020","1581206400","628631"
"2/10/2020","1581292800","668760"
"2/11/2020","1581379200","709280"
"2/12/2020","1581465600","798162"
"2/13/2020","1581552000","764763"
"2/14/2020","1581638400","771827"
"2/15/2020","1581724800","699151"
"2/16/2020","1581811200","661490"
"2/17/2020","1581897600","695366"
"2/18/2020","1581984000","733983"
"2/19/2020","1582070400","695837"
"2/20/2020","1582156800","689600"
"2/21/2020","1582243200","670542"
"2/22/2020","1582329600","605859"
"2/23/2020","1582416000","606290"
"2/24/2020","1582502400","687702"
"2/25/2020","1582588800","670257"
"2/26/2020","1582675200","704929"
"2/27/2020","1582761600","714482"
"2/28/2020","1582848000","688694"
"2/29/2020","1582934400","620465"
"3/1/2020","1583020800","628500"
"3/2/2020","1583107200","681477"
"3/3/2020","1583193600","661419"
"3/4/2020","1583280000","663966"
"3/5/2020","1583366400","720114"
"3/6/2020","1583452800","676799"
"3/7/2020","1583539200","630992"
"3/8/2020","1583625600","662565"
"3/9/2020","1583712000","784085"
"3/10/2020","1583798400","760588"
"3/11/2020","1583884800","713065"
"3/12/2020","1583971200","760781"
"3/13/2020","1584057600","847947"
"3/14/2020","1584144000","681830"
"3/15/2020","1584230400","657653"
"3/16/2020","1584316800","784094"
"3/17/2020","1584403200","763100"
"3/18/2020","1584489600","768437"
"3/19/2020","1584576000","864017"
"3/20/2020","1584662400","822158"
"3/21/2020","1584748800","857503"
"3/22/2020","1584835200","746195"
"3/23/2020","1584921600","801238"
"3/24/2020","1585008000","791900"
"3/25/2020","1585094400","765389"
"3/26/2020","1585180800","772649"
"3/27/2020","1585267200","748776"
"3/28/2020","1585353600","667726"
"3/29/2020","1585440000","607984"
"3/30/2020","1585526400","724004"
"3/31/2020","1585612800","731749"
"4/1/2020","1585699200","683007"
"4/2/2020","1585785600","720554"
"4/3/2020","1585872000","722688"
"4/4/2020","1585958400","625952"
"4/5/2020","1586044800","614001"
"4/6/2020","1586131200","771300"
"4/7/2020","1586217600","783472"
"4/8/2020","1586304000","830223"
"4/9/2020","1586390400","727502"
"4/10/2020","1586476800","745643"
"4/11/2020","1586563200","680523"
"4/12/2020","1586649600","678530"
"4/13/2020","1586736000","744306"
"4/14/2020","1586822400","813972"
"4/15/2020","1586908800","792152"
"4/16/2020","1586995200","790334"
"4/17/2020","1587081600","785639"
"4/18/2020","1587168000","783111"
"4/19/2020","1587254400","741675"
"4/20/2020","1587340800","828885"
"4/21/2020","1587427200","812963"
"4/22/2020","1587513600","790519"
"4/23/2020","1587600000","826397"
"4/24/2020","1587686400","846807"
"4/25/2020","1587772800","792299"
"4/26/2020","1587859200","801949"
"4/27/2020","1587945600","841193"
"4/28/2020","1588032000","838453"
"4/29/2020","1588118400","897881"
"4/30/2020","1588204800","899459"
"5/1/2020","1588291200","827138"
"5/2/2020","1588377600","765990"
"5/3/2020","1588464000","789689"
"5/4/2020","1588550400","774035"
"5/5/2020","1588636800","785518"
"5/6/2020","1588723200","833506"
"5/7/2020","1588809600","877129"
"5/8/2020","1588896000","887756"
"5/9/2020","1588982400","894382"
"5/10/2020","1589068800","879153"
"5/11/2020","1589155200","887554"
"5/12/2020","1589241600","880678"
"5/13/2020","1589328000","856962"
"5/14/2020","1589414400","820300"
"5/15/2020","1589500800","888691"
"5/16/2020","1589587200","875030"
"5/17/2020","1589673600","808464"
"5/18/2020","1589760000","857645"
"5/19/2020","1589846400","848038"
"5/20/2020","1589932800","855377"
"5/21/2020","1590019200","867704"
"5/22/2020","1590105600","916282"
"5/23/2020","1590192000","868425"
"5/24/2020","1590278400","825755"
"5/25/2020","1590364800","875607"
"5/26/2020","1590451200","916975"
"5/27/2020","1590537600","896217"
"5/28/2020","1590624000","907265"
"5/29/2020","1590710400","949269"
"5/30/2020","1590796800","881950"
"5/31/2020","1590883200","850103"
"6/1/2020","1590969600","929874"
"6/2/2020","1591056000","980902"
"6/3/2020","1591142400","898364"
"6/4/2020","1591228800","930407"
"6/5/2020","1591315200","901995"
"6/6/2020","1591401600","946196"
"6/7/2020","1591488000","943786"
"6/8/2020","1591574400","966206"
"6/9/2020","1591660800","923075"
"6/10/2020","1591747200","939890"
"6/11/2020","1591833600","925331"
"6/12/2020","1591920000","889318"
"6/13/2020","1592006400","833267"
"6/14/2020","1592092800","785017"
"6/15/2020","1592179200","912281"
"6/16/2020","1592265600","904928"
"6/17/2020","1592352000","879736"
"6/18/2020","1592438400","913845"
"6/19/2020","1592524800","945942"
"6/20/2020","1592611200","941415"
"6/21/2020","1592697600","987058"
"6/22/2020","1592784000","1092083"
"6/23/2020","1592870400","1119442"
"6/24/2020","1592956800","1070862"
"6/25/2020","1593043200","1041742"
"6/26/2020","1593129600","1017505"
"6/27/2020","1593216000","1017138"
"6/28/2020","1593302400","997731"
"6/29/2020","1593388800","1056189"
"6/30/2020","1593475200","1111318"
"7/1/2020","1593561600","1044438"
"7/2/2020","1593648000","1039119"
"7/3/2020","1593734400","1022098"
"7/4/2020","1593820800","946287"
"7/5/2020","1593907200","880075"
"7/6/2020","1593993600","1020012"
"7/7/2020","1594080000","1064506"
"7/8/2020","1594166400","1092210"
"7/9/2020","1594252800","1070343"
"7/10/2020","1594339200","1034806"
"7/11/2020","1594425600","982930"
"7/12/2020","1594512000","997960"
"7/13/2020","1594598400","1151834"
"7/14/2020","1594684800","1098661"
"7/15/2020","1594771200","1111360"
"7/16/2020","1594857600","1068620"
"7/17/2020","1594944000","1078101"
"7/18/2020","1595030400","1071509"
"7/19/2020","1595116800","1082448"
"7/20/2020","1595203200","1143700"
"7/21/2020","1595289600","1120095"
"7/22/2020","1595376000","1138040"
"7/23/2020","1595462400","1147143"
"7/24/2020","1595548800","1146282"
"7/25/2020","1595635200","1175506"
"7/26/2020","1595721600","1137893"
"7/27/2020","1595808000","1261456"
"7/28/2020","1595894400","1222353"
"7/29/2020","1595980800","1163851"
"7/30/2020","1596067200","1164479"
"7/31/2020","1596153600","1218838"
"8/1/2020","1596240000","1171566"
"8/2/2020","1596326400","1125886"
"8/3/2020","1596412800","1176793"
"8/4/2020","1596499200","1164208"
"8/5/2020","1596585600","1182699"
"8/6/2020","1596672000","1215885"
"8/7/2020","1596758400","1249695"
"8/8/2020","1596844800","1182406"
"8/9/2020","1596931200","1229151"
"8/10/2020","1597017600","1289980"
"8/11/2020","1597104000","1254244"
"8/12/2020","1597190400","1229214"
"8/13/2020","1597276800","1209139"
"8/14/2020","1597363200","1201546"
"8/15/2020","1597449600","1107833"
"8/16/2020","1597536000","1152369"
"8/17/2020","1597622400","1181976"
"8/18/2020","1597708800","1229256"
"8/19/2020","1597795200","1216891"
"8/20/2020","1597881600","1182994"
"8/21/2020","1597968000","1256752"
"8/22/2020","1598054400","1102479"
"8/23/2020","1598140800","1122524"
"8/24/2020","1598227200","1162182"
"8/25/2020","1598313600","1138199"
"8/26/2020","1598400000","1166218"
"8/27/2020","1598486400","1136576"
"8/28/2020","1598572800","1131912"
"8/29/2020","1598659200","1130992"
"8/30/2020","1598745600","1142415"
"8/31/2020","1598832000","1235856"
"9/1/2020","1598918400","1245701"
"9/2/2020","1599004800","1181212"
"9/3/2020","1599091200","1149636"
"9/4/2020","1599177600","1141207"
"9/5/2020","1599264000","1040906"
"9/6/2020","1599350400","1026667"
"9/7/2020","1599436800","1051480"
"9/8/2020","1599523200","1026700"
"9/9/2020","1599609600","1052603"
"9/10/2020","1599696000","1120964"
"9/11/2020","1599782400","1074413"
"9/12/2020","1599868800","1034584"
"9/13/2020","1599955200","1042047"
"9/14/2020","1600041600","1079688"
"9/15/2020","1600128000","1089837"
"9/16/2020","1600214400","1035013"
"9/17/2020","1600300800","1406016"
"9/18/2020","1600387200","1244808"
"9/19/2020","1600473600","1090001"
"9/20/2020","1600560000","1095309"
"9/21/2020","1600646400","1133662"
"9/22/2020","1600732800","1081497"
"9/23/2020","1600819200","1084100"
"9/24/2020","1600905600","1087537"
"9/25/2020","1600992000","1034790"
"9/26/2020","1601078400","984559"
"9/27/2020","1601164800","966479"
"9/28/2020","1601251200","1080187"
"9/29/2020","1601337600","1088234"
"9/30/2020","1601424000","1079040"
"10/1/2020","1601510400","1018741"
"10/2/2020","1601596800","1002138"
"10/3/2020","1601683200","956528"
"10/4/2020","1601769600","985452"
"10/5/2020","1601856000","1027690"
"10/6/2020","1601942400","1083502"
"10/7/2020","1602028800","1035384"
"10/8/2020","1602115200","1019446"
"10/9/2020","1602201600","1049571"
"10/10/2020","1602288000","1036351"
"10/11/2020","1602374400","1004701"
"10/12/2020","1602460800","1092162"
"10/13/2020","1602547200","1127396"
"10/14/2020","1602633600","1093927"
"10/15/2020","1602720000","1249576"
"10/16/2020","1602806400","1161135"
"10/17/2020","1602892800","1051772"
"10/18/2020","1602979200","995711"
"10/19/2020","1603065600","1128930"
"10/20/2020","1603152000","1105678"
"10/21/2020","1603238400","1159354"
"10/22/2020","1603324800","1189043"
"10/23/2020","1603411200","1132837"
"10/24/2020","1603497600","1012156"
"10/25/2020","1603584000","965206"
"10/26/2020","1603670400","1086139"
"10/27/2020","1603756800","1078466"
"10/28/2020","1603843200","1139608"
"10/29/2020","1603929600","1107849"
"10/30/2020","1604016000","1111013"
"10/31/2020","1604102400","1089587"
"11/1/2020","1604188800","1050753"
"11/2/2020","1604275200","1156870"
"11/3/2020","1604361600","1119359"
"11/4/2020","1604448000","1137324"
"11/5/2020","1604534400","1128431"
"11/6/2020","1604620800","1171971"
"11/7/2020","1604707200","1131722"
"11/8/2020","1604793600","1016465"
"11/9/2020","1604880000","1147695"
"11/10/2020","1604966400","1157455"
"11/11/2020","1605052800","1096582"
"11/12/2020","1605139200","1099253"
"11/13/2020","1605225600","1156377"
"11/14/2020","1605312000","1067063"
"11/15/2020","1605398400","1037428"
"11/16/2020","1605484800","1105512"
"11/17/2020","1605571200","1173012"
"11/18/2020","1605657600","1120798"
"11/19/2020","1605744000","1122748"
"11/20/2020","1605830400","1162871"
"11/21/2020","1605916800","1172183"
"11/22/2020","1606003200","1148006"
"11/23/2020","1606089600","1213632"
"11/24/2020","1606176000","1240072"
"11/25/2020","1606262400","1205924"
"11/26/2020","1606348800","1173330"
"11/27/2020","1606435200","1102889"
"11/28/2020","1606521600","992335"
"11/29/2020","1606608000","993930"
"11/30/2020","1606694400","1183915"
"12/1/2020","1606780800","1172361"
"12/2/2020","1606867200","1071389"
"12/3/2020","1606953600","1114178"
"12/4/2020","1607040000","1134337"
"12/5/2020","1607126400","1055722"
"12/6/2020","1607212800","1034515"
"12/7/2020","1607299200","1102501"
"12/8/2020","1607385600","1149816"
"12/9/2020","1607472000","1150822"
"12/10/2020","1607558400","1092429"
"12/11/2020","1607644800","1122160"
"12/12/2020","1607731200","1092064"
"12/13/2020","1607817600","1142703"
"12/14/2020","1607904000","1241593"
"12/15/2020","1607990400","1215285"
"12/16/2020","1608076800","1261767"
"12/17/2020","1608163200","1342281"
"12/18/2020","1608249600","1193950"
"12/19/2020","1608336000","1162872"
"12/20/2020","1608422400","1074305"
"12/21/2020","1608508800","1146949"
"12/22/2020","1608595200","1147101"
"12/23/2020","1608681600","1254308"
"12/24/2020","1608768000","1142743"
"12/25/2020","1608854400","1140417"
"12/26/2020","1608940800","1139562"
"12/27/2020","1609027200","1177372"
"12/28/2020","1609113600","1256783"
"12/29/2020","1609200000","1206703"
"12/30/2020","1609286400","1227653"
"12/31/2020","1609372800","1163876"
"1/1/2021","1609459200","1136712"
"1/2/2021","1609545600","1170839"
"1/3/2021","1609632000","1234419"
"1/4/2021","1609718400","1275169"
"1/5/2021","1609804800","1258441"
"1/6/2021","1609891200","1280434"
"1/7/2021","1609977600","1298568"
"1/8/2021","1610064000","1288953"
"1/9/2021","1610150400","1231759"
"1/10/2021","1610236800","1210603"
"1/11/2021","1610323200","1280285"
"1/12/2021","1610409600","1165508"
"1/13/2021","1610496000","1126532"
"1/14/2021","1610582400","1184604"
"1/15/2021","1610668800","1227187"
"1/16/2021","1610755200","1193339"
"1/17/2021","1610841600","1133096"
"1/18/2021","1610928000","1217953"
"1/19/2021","1611014400","1252236"
"1/20/2021","1611100800","1213930"
"1/21/2021","1611187200","1178190"
"1/22/2021","1611273600","1182794"
"1/23/2021","1611360000","1140666"
"1/24/2021","1611446400","1117744"
"1/25/2021","1611532800","1207263"
"1/26/2021","1611619200","1194595"
"1/27/2021","1611705600","1140980"
"1/28/2021","1611792000","1190834"
"1/29/2021","1611878400","1293963"
"1/30/2021","1611964800","1218241"
"1/31/2021","1612051200","1244924"
"2/1/2021","1612137600","1300451"
"2/2/2021","1612224000","1302891"
"2/3/2021","1612310400","1314906"
"2/4/2021","1612396800","1309863"
"2/5/2021","1612483200","1316904"
"2/6/2021","1612569600","1227828"
"2/7/2021","1612656000","1230638"
"2/8/2021","1612742400","1275739"
"2/9/2021","1612828800","1327544"
"2/10/2021","1612915200","1320357"
"2/11/2021","1613001600","1270521"
"2/12/2021","1613088000","1290300"
"2/13/2021","1613174400","1252364"
"2/14/2021","1613260800","1206665"
"2/15/2021","1613347200","1210500"
"2/16/2021","1613433600","1217916"
"2/17/2021","1613520000","1258503"
"2/18/2021","1613606400","1298425"
"2/19/2021","1613692800","1323618"
"2/20/2021","1613779200","1337507"
"2/21/2021","1613865600","1233518"
"2/22/2021","1613952000","1312178"
"2/23/2021","1614038400","1302882"
"2/24/2021","1614124800","1285208"
"2/25/2021","1614211200","1232758"
"2/26/2021","1614297600","1236241"
"2/27/2021","1614384000","1202432"
"2/28/2021","1614470400","1179859"
